Metric,Value
Total_Points,115839.0
Valid_Pct,87.99627068603839
Missing_Pct,12.00372931396162
Extreme_Values_Pct,0.2158259265799439
